Utility_Capacity[kW], BAU,LOW_E,HIGH_E,LOW_N,HIGH_N,LOW_D,HIGH_D,LOW_I,HIGH_I,HIGH_E_HIGH_ND,HIGH_E_LOW_ND,LOW_E_HIGH_ND,LOW_E_LOW_ND,
BOILER,17764.225000,0.000000,0.000000,0.000000,0.000000,0.000000,0.000000,0.000000,0.000000,0.000000,0.000000,0.000000,0.000000,
HPHIGH,0.000000,10072.650000,10072.650000,10072.650000,10072.650000,10072.650000,10072.650000,10072.650000,10072.650000,10072.650000,10072.650000,10072.650000,10072.650000,
HPLOW,7235.775000,0.000000,0.000000,0.000000,0.000000,0.000000,0.000000,0.000000,0.000000,0.000000,0.000000,0.000000,0.000000,
SOFC,0.000000,0.000000,0.000000,0.000000,0.000000,0.000000,0.000000,0.000000,0.000000,0.000000,0.000000,0.000000,0.000000,
TURBINE,0.000000,0.000000,0.000000,0.000000,0.000000,0.000000,0.000000,0.000000,0.000000,0.000000,0.000000,0.000000,0.000000,
ICENGINE,0.000000,14927.350000,14927.350000,14927.350000,14927.350000,14927.350000,14927.350000,14927.350000,14927.350000,14927.350000,14927.350000,14927.350000,14927.350000,
end;
