EnergyProduced[GWh], BAU,LOW_E,HIGH_E,LOW_N,HIGH_N,LOW_D,HIGH_D,LOW_I,HIGH_I,HIGH_E_HIGH_ND,HIGH_E_LOW_ND,LOW_E_HIGH_ND,LOW_E_LOW_ND,
BOILER,3.653357,0.000000,0.000000,0.000000,0.000000,0.000000,0.000000,0.000000,0.000000,0.000000,0.000000,0.000000,0.000000,
HPHIGH,0.000000,29.183211,29.183211,29.183211,29.183211,29.183211,29.183211,29.183211,29.183211,29.183211,29.183211,29.183211,29.183211,
HPLOW,29.509382,0.000000,0.000000,0.000000,0.000000,0.000000,0.000000,0.000000,0.000000,0.000000,0.000000,0.000000,0.000000,
SOFC,0.000000,0.000000,0.000000,0.000000,0.000000,0.000000,0.000000,0.000000,0.000000,0.000000,0.000000,0.000000,0.000000,
TURBINE,0.000000,0.000000,0.000000,0.000000,0.000000,0.000000,0.000000,0.000000,0.000000,0.000000,0.000000,0.000000,0.000000,
ICENGINE,0.000000,3.979529,3.979529,3.979529,3.979529,3.979529,3.979529,3.979529,3.979529,3.979529,3.979529,3.979529,3.979529,
end;
