Utility_Capacity[kW], BAU,LOW_E,HIGH_E,LOW_N,HIGH_N,LOW_D,HIGH_D,LOW_I,HIGH_I,HIGH_E_HIGH_ND,HIGH_E_LOW_ND,LOW_E_HIGH_ND,LOW_E_LOW_ND,
BOILER,16629.475000,0.000000,0.000000,0.000000,0.000000,0.000000,0.000000,0.000000,0.000000,0.000000,0.000000,0.000000,0.000000,
HPHIGH,0.000000,8098.781711,8098.781711,8098.781711,8098.781711,8098.781711,8098.781711,8098.781711,8098.781711,8098.781711,8098.781711,8098.781711,8098.781711,
HPLOW,7008.361374,0.000000,0.000000,0.000000,0.000000,0.000000,0.000000,0.000000,0.000000,0.000000,0.000000,0.000000,0.000000,
SOFC,0.000000,0.000000,0.000000,0.000000,0.000000,0.000000,0.000000,0.000000,0.000000,0.000000,0.000000,0.000000,0.000000,
TURBINE,1362.163626,7554.012660,7554.012660,7554.012660,7554.012660,7554.012660,7554.012660,7554.012660,7554.012660,7554.012660,7554.012660,7554.012660,7554.012660,
SOLAR,0.000000,0.000000,0.000000,0.000000,0.000000,0.000000,0.000000,0.000000,0.000000,0.000000,0.000000,0.000000,0.000000,
ICENGINE,0.000000,14611.650000,14611.650000,14611.650000,14611.650000,14611.650000,14611.650000,14611.650000,14611.650000,14611.650000,14611.650000,14611.650000,14611.650000,
end;
