EnergyProduced[GWh],1,2,3,4,5,6,7,8,9,10,11
BOILER,0,0,0,0,0,0,0,0,0,0,0
HPHIGH,0,0,0,0,0,0,0,0,0,-0.951321,-1.039079
HPLOW,-6.236715,-6.236715,-6.236715,-6.313559,-6.313559,-6.313559,-6.453323,-6.453323,-6.453323,-6.304091,-6.304091
SOFC,0,0,0,0,0,0,0,0,0,0,0
TURBINE,0,1.215945,1.215945,0,0,0,0,0,0,0,0
SOLAR,2.206886,2.206886,2.206886,2.206886,2.206886,2.206886,2.206886,2.206886,2.206886,2.206886,2.206886
ICENGINE,2.636627,1.40447,0,0,0,0,0,0,0,0,0
end;,,,,,,,,,,,