Utility_Capacity[kW],1,2,3,4,5,6,7,8,9,10,11
BOILER,0,0,0,0,0,0,0,0,0,0,0
HPHIGH,0,0,0,0,0,0,0,0,0,-1127.119839,-1379.428052
HPLOW,-1569.559501,-1569.559501,-1569.559501,-1620.489983,-1620.489983,-1620.489983,-1874.623232,-1874.623232,-1874.623232,-1613.138651,-1613.138651
SOFC,0,0,0,0,0,0,0,0,0,0,0
TURBINE,0,1021.62272,1021.62272,0,0,0,0,0,0,0,0
SOLAR,251.640367,251.640367,251.640367,251.640367,251.640367,251.640367,251.640367,251.640367,251.640367,251.640367,251.640367
ICENGINE,4053.679356,3018.435,0,0,0,0,0,0,0,0,0
end;,,,,,,,,,,,