Utility_Capacity[kW], 1,2,3,4,5,6,7,8,9,10,11,
BOILER,0.000000,0.000000,0.000000,0.000000,0.000000,0.000000,0.000000,0.000000,0.000000,0.000000,0.000000,
HPHIGH,-1017.155767,0.000000,0.000000,0.000000,0.000000,0.000000,0.000000,0.000000,-836.452571,-836.452571,-1023.694288,
HPLOW,-1100.236156,-1164.793693,-1197.134435,-1164.793693,-1164.793693,-1164.793693,-1164.793693,-1164.793693,-1197.134435,-1197.134435,-1197.134435,
SOFC,1515.926434,0.000000,0.000000,0.000000,0.000000,0.000000,0.000000,0.000000,0.000000,0.000000,0.000000,
TURBINE,0.000000,1021.622720,3149.400000,3149.400000,3149.400000,3149.400000,3149.400000,3149.400000,0.000000,0.000000,0.000000,
SOLAR,251.640367,251.640367,251.640367,251.640367,251.640367,251.640367,251.640367,251.640367,251.640367,251.640367,251.640367,
ICENGINE,0.000000,3018.435000,0.000000,0.000000,0.000000,0.000000,0.000000,0.000000,0.000000,0.000000,0.000000,
end;
