EnergyProduced[GWh],1,2,3,4,5,6,7,8,9,10,11
BOILER,0.510282,0.510282,2.358269,3.653357,3.653357,3.653357,3.063287,3.063287,3.063287,0.766325,0.520985
HPHIGH,0,0,0,0,0,0,0,0,0,2.928326,3.173666
HPLOW,29.183211,29.183211,29.183211,29.509382,29.509382,29.509382,30.099452,30.099452,30.099452,29.468089,29.468089
SOFC,0,0,0,0,0,0,0,0,0,0,0
TURBINE,0,1.62126,1.62126,0,0,0,0,0,0,0,0
ICENGINE,3.469246,1.847987,0,0,0,0,0,0,0,0,0
end;,,,,,,,,,,,