Utility_Capacity[kW],1,2,3,4,5,6,7,8,9,10,11
BOILER,12657.85,12657.85,16629.475,17764.225,17764.225,17764.225,16629.475,16629.475,16629.475,13597.85,12657.85
HPHIGH,0,0,0,0,0,0,0,0,0,4199.2,5139.2
HPLOW,7008.361374,7008.361374,7008.361374,7235.775,7235.775,7235.775,8370.525,8370.525,8370.525,7202.95,7202.95
SOFC,0,0,0,0,0,0,0,0,0,0,0
TURBINE,0,1362.163626,1362.163626,0,0,0,0,0,0,0,0
ICENGINE,5333.788626,3971.625,0,0,0,0,0,0,0,0,0
end;,,,,,,,,,,,