Utility_Capacity[kW],1,2,3,4,5,6,7,8,9,10,11
BOILER,0,0,0,0,0,0,0,0,0,0,0
HPHIGH,-1127.119839,0,0,0,0,0,0,0,0,-1215.64574,-1370.617396
HPLOW,-1366.356734,-1874.623232,-1874.623232,-1874.623232,-1874.623232,-1620.489983,-1620.489983,-1569.559501,-1613.138651,-1613.138651,-1482.568221
SOFC,0,0,0,0,0,0,0,0,0,1502.000542,1515.926434
TURBINE,0,0,0,0,0,0,0,1021.62272,3149.4,0,0
SOLAR,251.640367,251.640367,251.640367,251.640367,251.640367,251.640367,251.640367,251.640367,251.640367,251.640367,308.462385
ICENGINE,0,0,0,0,0,0,0,0,0,0,0
end;,,,,,,,,,,,