EnergyProduced[GWh],1,2,3,4,5,6,7,8,9,10,11
BOILER,0,0,0,0,0,0,0,0,0,0,0
HPHIGH,-1.334257,0,0,0,0,0,0,0,0,-0.829458,-0.969124
HPLOW,-5.922553,-6.453323,-6.453323,-6.453323,-6.453323,-6.313559,-6.313559,-6.236715,-6.236615,-5.757297,-5.646669
SOFC,0,0,0,0,0,0,0,0,0,8.513339,8.592271
TURBINE,0,0,0,0,0,0,0,1.215945,2.409903,0,0
SOLAR,2.206886,2.206886,2.206886,2.206886,2.206886,2.206886,2.206886,2.206886,2.206886,2.206886,2.705215
ICENGINE,0,0,0,0,0,0,0,0,0,0,0
end;,,,,,,,,,,,