EnergyProduced[GWh],1,2,3,4,5,6,7,8,9,10,11
BOILER,0.993321,3.063287,3.063287,3.063287,3.063287,3.653357,3.653357,2.358269,0.766325,0.520985,0.488919
HPHIGH,4.314548,0,0,0,0,0,0,0,0,2.498371,2.947673
HPLOW,27.85487,30.099452,30.099452,30.099452,30.099452,29.509382,29.509382,29.183211,29.183211,26.68484,26.235537
SOFC,0,0,0,0,0,0,0,0,0,3.458544,3.49061
TURBINE,0,0,0,0,0,0,0,1.62126,3.213204,0,0
ICENGINE,0,0,0,0,0,0,0,0,0,0,0
end;,,,,,,,,,,,