Utility_Capacity[kW], 1,2,3,4,5,6,7,8,9,10,11,
BOILER,14927.350000,14927.350000,16629.475000,16629.475000,16629.475000,16629.475000,16629.475000,16629.475000,13597.850000,12657.850000,12657.850000,
HPHIGH,4199.200000,4199.200000,0.000000,0.000000,0.000000,0.000000,0.000000,0.000000,0.000000,4529.012280,5106.375000,
HPLOW,5873.450000,5873.450000,8370.525000,8370.525000,8370.525000,8370.525000,8370.525000,7008.361374,7202.950000,7202.950000,6619.929886,
SOFC,0.000000,0.000000,0.000000,0.000000,0.000000,0.000000,0.000000,0.000000,0.000000,610.187720,615.845114,
TURBINE,0.000000,0.000000,0.000000,0.000000,0.000000,0.000000,0.000000,1362.163626,4199.200000,0.000000,0.000000,
ICENGINE,0.000000,0.000000,0.000000,0.000000,0.000000,0.000000,0.000000,0.000000,0.000000,0.000000,0.000000,
end;
