Utility_Capacity[kW], 1,
BOILER,0.000000,
HPHIGH,-2390.319787,
HPLOW,-1391.186072,
SOFC,0.000000,
TURBINE,0.000000,
SOLAR,308.462385,
ICENGINE,11400.000000,
end;
Utility_Capacity[kW], 1,
BOILER,0.000000,
HPHIGH,0.000000,
HPLOW,-1164.793693,
SOFC,0.000000,
TURBINE,3149.400000,
SOLAR,251.640367,
ICENGINE,0.000000,
end;
