EnergyProduced[GWh], 1,2,3,4,5,6,7,8,9,10,11,
BOILER,0.510282,0.510282,2.358269,3.063287,3.063287,3.063287,3.063287,3.063287,0.766325,0.766325,0.520985,
HPHIGH,0.000000,0.000000,0.000000,0.000000,0.000000,0.000000,0.000000,0.000000,2.928326,2.928326,3.173666,
HPLOW,29.183211,29.183211,29.183211,30.099452,30.099452,30.099452,30.099452,30.099452,29.468089,29.468089,29.468089,
SOFC,0.000000,0.000000,0.000000,0.000000,0.000000,0.000000,0.000000,0.000000,0.000000,0.000000,0.000000,
TURBINE,0.000000,1.621260,1.621260,0.000000,0.000000,0.000000,0.000000,0.000000,0.000000,0.000000,0.000000,
ICENGINE,3.469246,1.847987,0.000000,0.000000,0.000000,0.000000,0.000000,0.000000,0.000000,0.000000,0.000000,
end;
