Utility_Capacity[kW], 1,
BOILER,2611.650000,
HPHIGH,12000.000000,
HPLOW,8370.525000,
SOFC,0.000000,
TURBINE,0.000000,
ICENGINE,15000.000000,
end;
Utility_Capacity[kW], 1,
BOILER,13792.438626,
HPHIGH,0.000000,
HPLOW,7008.361374,
SOFC,0.000000,
TURBINE,4199.200000,
ICENGINE,0.000000,
end;
