EnergyProduced[GWh], BAU,LOW_E,HIGH_E,LOW_ND,HIGH_ND,LOW_E_HIGH_ND,LOW_E_LOW_ND,HIGH_E_HIGH_ND,HIGH_E_LOW_ND,
BOILER,0.000000,0.000108,0.000108,0.000108,0.000108,0.000108,0.000108,0.000108,0.000108,
HPHIGH,0.469285,17.131530,17.131530,17.131530,17.131530,17.131530,17.131530,17.131530,17.131530,
HPLOW,23.739515,7.077270,7.077270,7.077270,7.077270,7.077270,7.077270,7.077270,7.077270,
SOFC,0.000000,0.000160,0.000160,0.000160,0.000160,0.000160,0.000160,0.000160,0.000160,
TURBINE,8.953940,8.953512,8.953512,8.953512,8.953512,8.953512,8.953512,8.953512,8.953512,
ICENGINE,0.000000,0.000160,0.000160,0.000160,0.000160,0.000160,0.000160,0.000160,0.000160,
end;
